{
  "version": 2,
  "builds": [
    {
      "src": "server/index.ts",
      "use": "@vercel/node"
    },
    {
      "src": "package.json",
      "use": "@vercel/static-build",
      "config": {
        "distDir": "dist"
      }
    }
  ],
  "routes": [
    {
      "src": "/admin/(.*)",
      "dest": "/admin/$1"
    },
    {
      "src": "/api/(.*)",
      "dest": "/server/index.ts"
    },
    {
      "src": "/(.*)",
      "dest": "/dist/$1"
    }
  ],
  "env": {
    "NODE_ENV": "production"
  }
}
